{
	"token_key": "<add OpenRouteService's token key>",
	"db_string": "postgres://<username>:<password>@<server>/<db>",
	"secret_key": "<create a secret key and add here>",
	"default_sender_email": "<add the mail server's email address here>",
	"email_sender_app_password": "<password of email addresshere>",
	"mail_server": "<add mail server here>",
	"mail_server_port": <mail server port>,
	"mail_use_tls": <true or false - depends on the mail server>,
	"mail_use_ssl": <true or false - depends on the mail server>
}
